case_id,original_contrast,dgen_contrast,dsr_contrast,original_energy,dgen_energy,dsr_energy,dgen_mae,dsr_mae,dgen_sharpness,dsr_sharpness,dgen_contrast_error,dsr_contrast_error
1.000000-P4P100S300I00003 Gated 0.0A-29193-1-058,5.575786246981601,4.14483626877338,3.2427206884653046,0.024651452772640636,0.011389847094941678,0.03688438123510744,0.42117710498373767,0.14357593729811075,0.0329845499883358,0.022755785522722637,1.4309499782082211,2.3330655585162967
1.000000-P4P105S300I00004 Gated 0.0A-69532-1-059,3.533862078696661,4.8912118047508475,3.2934000522643148,0.06408041883853952,0.014473067777934815,0.03557020682893639,0.4623096134015248,0.088507473855633,0.039325251843355113,0.0236191301848686,1.3573497260541867,0.24046202643234604
1.000000-P4P105S300I00006 Gated 20.0A-02729-1-042,3.3230576410866326,4.711285374257024,2.342149521740337,0.08404198949845951,0.016868468919204224,0.05158479181157179,0.5431763727817994,0.08375883333760267,0.03920408910760289,0.01778668523821867,1.3882277331703912,0.9809081193462954
1.000000-P4P105S300I00006 Gated 20.0A-02729-1-070,5.099028896327955,5.337691106795981,3.9092995217310706,0.0453634878868834,0.009145584382820707,0.031151496936055317,0.562763248652296,0.09393899883349426,0.040912048283068304,0.026165828882707264,0.23866221046802671,1.189729374596884
1.000000-P4P105S300I00006 Gated 20.0A-02729-1-078,4.657320250339009,5.254310500790236,3.5484874394449504,0.049518679925948716,0.009495442880669147,0.028848736698178255,0.6220403381680488,0.09637466169596166,0.04286289932198406,0.026756509704448553,0.5969902504512268,1.108832810894059
1.000000-P4P105S300I00008 Gated 40.0A-54784-1-078,5.497109675206735,3.3689619190787137,3.301128439931782,0.045667761152836495,0.09984795232686913,0.031930891718575855,1.3825977596965782,0.08910054994215474,0.04233263520529698,0.025849959904116454,2.1281477561280213,2.195981235274953
1.000000-P4P105S300I00009 Gated 50.0A-40237-1-078,5.760550089721972,3.5493052336777415,3.405449135724635,0.044449282831701825,0.06359358691688853,0.0318889020059026,1.35669371163324,0.09266305315695421,0.03517490120561326,0.026324863833238607,2.211244856044231,2.3551009539973373
1.000000-P4P105S300I00009 Gated 50.0A-40237-1-081,5.165482719564349,5.000871665267088,3.1201008210520498,0.038290402591669624,0.00778088108745854,0.03286757569909064,0.8303646195655936,0.08766882654605135,0.041039011503881444,0.023488118882344443,0.16461105429726164,2.0453818985122996
1.000000-P4P105S300I00010 Gated 60.0A-69158-1-056,4.8715253638158424,6.073763214673239,3.8685638485997624,0.05164976893652923,0.008257126234097998,0.027510411018968665,0.7617794983127721,0.10237551576053297,0.054354698429307596,0.027122149444996264,1.2022378508573963,1.00296151521608
1.000000-P4P105S300I00011 Gated 70.0A-12662-1-031,2.7891396625905682,3.9433099960393214,1.677627602711899,0.1820779762421275,0.021165720919521604,0.11469956869341674,0.5096581429718463,0.08658417468999134,0.03462167162408913,0.01352498820757163,1.1541703334487532,1.1115120598786692
1.000000-P4P105S300I00013 Gated 90.0A-34039-1-045,3.0156903307716707,5.559261115499168,2.0732574460663264,0.06273979901284513,0.00930751498264046,0.05263222603068998,0.7130881023391337,0.07577134654405468,0.049566089792105535,0.016864965755822057,2.543570784727497,0.9424328847053443
1.000000-P4P105S300I00013 Gated 90.0A-34039-1-060,3.233645814233717,4.807948714543075,3.0426680653214153,0.06041439523098546,0.014519447649989298,0.03421661496716016,0.42680138720101457,0.09455277446553008,0.03817161037917788,0.023567886822088834,1.574302900309358,0.19097774891230168
1.000000-P4P117S300I00005 Gated 20.0A-79282-1-36,8.992341487994231,3.948391929447351,3.6222656218920655,0.011520824165753831,0.019521398759321292,0.024734662272506765,0.28999837542908913,0.2784334011200438,0.0387545845962879,0.028290547604808074,5.04394955854688,5.370075866102166
1.000000-P4P117S300I00006 Gated 30.0A-98754-1-53,9.840287532810029,2.8851632871766717,4.303283390005913,0.007998199074016357,0.027673545942425503,0.01874716417375883,0.4698860766373769,0.3494415704179746,0.0273500958374658,0.028716000078053493,6.955124245633357,5.537004142804116
1.000000-P4P117S300I00008 Gated 50.0A-92363-1-27,8.41411241622952,3.9557041480398536,4.055324047134652,0.010899185238912664,0.02335754125116393,0.01768207762336646,0.4313685150741104,0.2984362478191173,0.03610812611932496,0.03298407669721405,4.458408268189666,4.358788369094867
1.000000-P4P117S300I00008 Gated 50.0A-92363-1-59,10.10212453550209,3.9248292105399907,6.289959922003766,0.007042396620919141,0.018968335981011792,0.008610782908667418,0.5755132749716523,0.27216488404451744,0.04204998508653221,0.05275954372263227,6.1772953249621,3.8121646134983243
1.000000-P4P117S301I00006 Gated 30.0A-04191-1-044,7.186516644809879,3.7990218696412708,3.5458667339654597,0.01601333922138983,0.022567807732207176,0.024992872397700525,0.29640528305323327,0.2664656421606295,0.042363302982603795,0.029559127614639746,3.3874947751686086,3.6406499108444197
1.000000-P4P117S301I00008 Gated 50.0A-70687-1-062,7.773942256193882,2.833702543393488,4.144348783972579,0.011172041408120864,0.03190914217776857,0.01807145961486064,0.4223477206591683,0.25565098485887033,0.027537735508578617,0.032244322381328676,4.940239712800394,3.629593472221303
1.000000-P4P117S301I00010 Gated 70.0A-84091-1-072,9.490320640347125,2.609525506191896,5.869081364812361,0.006699279555584843,0.03538495791823901,0.009230656875885604,0.5507623538157496,0.22216150497428933,0.02483545224765525,0.04618745724401765,6.880795134155229,3.621239275534764
1.000000-P4P117S302I00003 Gated 0.0A-54642-1-054,2.361448257250573,3.8381685314985052,2.1925479314147025,0.03343219432107382,0.01822243779658468,0.041252168354630796,0.2513009948417973,0.2275691824979947,0.035138081221382005,0.016514864302799782,1.4767202742479322,0.16890032583587056
1.000000-P4P117S302I00006 Gated 30.0A-18623-1-036,2.7668730526865772,3.1240093133479663,2.5026079607281595,0.047354957838007555,0.02952079015602232,0.03799401117735511,0.20308283459160323,0.13633740680169018,0.02996071335899613,0.021832066010644177,0.35713626066138904,0.26426509195841774
1.000000-P4P117S302I00009 Gated 60.0A-40067-1-047,2.3552074032607653,3.534465727087565,2.8986307249979895,0.037054057426469,0.024308799223386135,0.027550096634355772,0.21618859420989228,0.15142764455847363,0.03234545982642907,0.023326110351812607,1.1792583238267995,0.5434233217372242
1.000000-P4P117S302I00010 Gated 70.0A-60710-1-070,5.073936175043215,4.4703761194389156,3.7043321050987195,0.01428912352245085,0.01381479219649645,0.018933562643774583,0.31401960545570723,0.32040226714757386,0.04346407325983359,0.03098059289631027,0.6035600556042997,1.3696040699444958
1.000000-P4P117S303I00003 Gated 0.0A-45715-1-051,5.854082123069111,3.85994685243981,3.240125682722749,0.02288947690013266,0.021334240884363875,0.03254714367395688,0.23767043964160536,0.19573029873070524,0.03869298079364263,0.023815232103691037,1.9941352706293012,2.6139564403463624
1.000000-P4P117S303I00005 Gated 20.0A-54841-1-033,7.4220382507705,2.152396827234899,2.471385725462466,0.01645222239500445,0.04227010124434305,0.044743997647072285,0.24945859451044033,0.24958723993128668,0.02315466421451734,0.02254872370917437,5.269641423535601,4.950652525308034
1.000000-P4P117S304I00007 Gated 40.0A-06258-1-58,9.616242884648013,3.3137577015766255,4.871364980480318,0.01098215368888281,0.02507624264398738,0.016880460038471778,0.3471182125810136,0.18968224990165447,0.02966518492980122,0.03395803903076601,6.302485183071388,4.744877904167695
1.000000-P4P117S304I00011 Gated 80.0A-89961-1-46,6.033499709850146,2.8485255266416027,3.530968157671822,0.020632378773611515,0.03346942144286477,0.026273924887639234,0.268629103970271,0.14970197803256824,0.022952307619393937,0.02703376743230799,3.184974183208543,2.502531552178324
1.000000-P4P117S305I00003 Gated 0.0A-96421-1-46,6.137421855643119,4.323548026215608,2.6053697214021008,0.02752974037038231,0.016283286514055084,0.05043548182424471,0.2779629349220757,0.21599050136717896,0.041917750531390206,0.018643284837214724,1.8138738294275107,3.532052134241018
1.000000-P4P117S305I00003 Gated 0.0A-96421-1-58,5.958135593360439,2.3056405118934924,3.0374599736157144,0.020202678834539734,0.04096471656698539,0.03608842181938127,0.28654128972138426,0.196696344572565,0.020214265704567344,0.021365931474074562,3.652495081466947,2.920675619744725
1.000000-P4P117S305I00004 Gated 10.0A-28414-1-65,8.643937615902697,2.8574137983849237,5.021452002172433,0.007675676654892008,0.02221034468106374,0.01146461599828689,0.34689565717314724,0.14367570393212076,0.027782866852987042,0.03610993126126893,5.786523817517773,3.622485613730264
1.000000-P4P117S305I00005 Gated 20.0A-05991-1-43,5.998295941552692,2.9472089315436114,2.8077664377750016,0.024035754385157003,0.032687804637140896,0.04396223865555258,0.2605243081899029,0.2583544507104053,0.027856795395702138,0.020944793278660143,3.051087010009081,3.190529503777691
1.000000-P4P117S305I00008 Gated 50.0A-65210-1-54,7.264178783015229,3.4649676538348135,3.7409535023620175,0.01395173229446379,0.022812038226579838,0.0225980459190162,0.31224351554409935,0.21349784649903222,0.030798060209302983,0.028186920998029958,3.7992111291804154,3.5232252806532114
1.000000-P4P117S305I00009 Gated 60.0A-75309-1-49,6.907428206501122,2.8534486261347776,3.301243016211324,0.01678028545567458,0.03723952046590051,0.030856410788357918,0.35342435404636746,0.2774565917531724,0.025630252820628276,0.02321661780837189,4.053979580366345,3.606185190289798
1.000000-P4P117S306I00008 Gated 50.0A-77346-1-53,9.531737980750464,3.607227326919908,4.426609999212481,0.00913160888961382,0.020827807052998526,0.019419272005231625,0.40913387524092526,0.30417451380772087,0.033731042467516015,0.030257058578606694,5.924510653830556,5.105127981537983
1.000000-P4P117S308I00005 Gated 20.0A-76239-1-044,6.967434259415927,4.280470485777706,3.534427191376601,0.029023832906539846,0.016526807991223573,0.027629117729956004,0.25168856943363704,0.10287312932706184,0.03848782057597905,0.02973651205514843,2.6869637736382206,3.4330070680393256
1.000000-P4P117S308I00007 Gated 40.0A-32548-1-065,9.303096780687287,5.533033620235671,4.887203530916819,0.012993760891197075,0.009033986106956066,0.014836892364775454,0.37807739956676717,0.1259271517613328,0.05302415062258778,0.03559121317603207,3.770063160451616,4.415893249770468
1.000000-P4P117S308I00009 Gated 60.0A-55977-1-039,7.8874574081956705,4.718775014817031,4.983727281937007,0.018496637740979514,0.016130185397192034,0.015733478146970712,0.2784644337606149,0.11152514218510609,0.04181271168630397,0.04583332618072029,3.1686823933786394,2.9037301262586634
