case_id,psnr_full,ssim_full,mae_full,rmse_full,mask_nonzero_area_fraction,original_mean_mask_nonzero,generated_mean_mask_nonzero,original_std_mask_nonzero,generated_std_mask_nonzero,mae_mask_nonzero,mask_labels
1.000000-P4P100S300I00003 Gated 0.0A-29193-1-058,28.00435970670918,0.827909222834387,0.09958967142170572,0.28188515727923974,0.2944679260253906,1.2457667961958372,1.2356163507656224,0.9833879624477375,0.7701592487843204,0.32642902714354227,0.0|0.5|1.0
1.000000-P4P100S300I00003 Gated 0.0A-29193-1-123,26.66823202904569,0.8991021923958086,0.07124325782944485,0.24823559333754755,0.2645263671875,1.7744174580220582,1.7264009898069377,0.3936172030861971,0.31701203746122075,0.2555323416909878,0.0|0.5
1.000000-P4P100S300I00004 Gated 10.0A-82400-1-022,27.22700521528735,0.8981785160238894,0.1033511603488817,0.4210600955448081,0.25600433349609375,1.88543045071275,1.6772436261258523,0.9186346184252492,0.46233730073660806,0.3891747995453858,0.0|0.5|1.0
1.000000-P4P100S300I00005 Gated 20.0A-81534-1-025,27.57278261174404,0.9033352520768909,0.10227627963242014,0.40462733148920726,0.2599067687988281,1.7901225149906497,1.7334929087135833,0.9302323690359569,0.5141822584855589,0.3793638190156561,0.0|0.5|1.0
1.000000-P4P100S300I00005 Gated 20.0A-81534-1-123,28.01962828417679,0.8974322305757967,0.06158581514350692,0.21382163771041543,0.2597465515136719,1.796915332122518,1.7632401396118764,0.3317647181977265,0.3710819276968378,0.22438216323219476,0.0|0.5
1.000000-P4P100S300I00006 Gated 30.0A-66113-1-100,25.17500293388207,0.8610299060750584,0.10852836422295598,0.30619896761936594,0.2946357727050781,1.7684553570681762,1.5686661294118889,0.5111845743878807,0.4041603342424891,0.35494451795578436,0.0|0.5|1.0
1.000000-P4P100S300I00006 Gated 30.0A-66113-1-113,25.74399998450627,0.8746015927484574,0.09199557230828637,0.2801256032158408,0.2814521789550781,1.7834791393483844,1.6336121926550902,0.43364629297733936,0.3067398884293726,0.31413491914806807,0.0|0.5
1.000000-P4P100S300I00008 Gated 50.0A-57212-1-120,26.762798089623153,0.8902670206456738,0.08650541923569888,0.2535910428157649,0.2651214599609375,1.7865879355524852,1.5625790016144487,0.38872472599905106,0.3262584324444823,0.314973081100315,0.0|0.5
1.000000-P4P100S300I00011 Gated 80.0A-15277-1-136,29.011973785042233,0.9161557833352754,0.06254465839253998,0.1953930852176793,0.23781585693359375,1.7827520678277708,1.6352151623621527,0.28494045374324484,0.2822860489422686,0.24385175861798838,0.0|0.5
1.000000-P4P105S300I00004 Gated 0.0A-69532-1-059,25.427437384725597,0.8339095856801159,0.09664225309920482,0.25430559745280923,0.20490264892578125,1.0705587604096403,1.29571040557379,1.0304007032118174,0.9066290341866318,0.42122944041754534,0.0|0.5|1.0
1.000000-P4P105S300I00006 Gated 20.0A-02729-1-028,27.069705618968346,0.8763145195490923,0.07343357699379016,0.26053112551528623,0.19353866577148438,1.614124712537296,1.567068654951167,0.8807473314490643,0.6921595750889239,0.34836790053363614,0.0|0.5|1.0
1.000000-P4P105S300I00006 Gated 20.0A-02729-1-042,27.01742710774097,0.8480261257567497,0.09099060353419075,0.26318882049158754,0.20279312133789062,1.1863159123575981,1.3486461124863247,1.061375017237227,0.8631604748100548,0.4120886859988312,0.0|0.5|1.0
1.000000-P4P105S300I00006 Gated 20.0A-02729-1-070,24.88176102183589,0.8434813793369761,0.09859032154992509,0.2849445365159587,0.20218658447265625,1.105347172139739,1.315488012273818,0.9905414147037404,0.8460607265689876,0.45824545018804913,0.0|0.5|1.0
1.000000-P4P105S300I00006 Gated 20.0A-02729-1-078,24.808093120367808,0.843240616682319,0.10291326658915434,0.2852729051589828,0.20008087158203125,1.079195071992942,1.350775582072617,1.0110615590647332,0.8217036244313283,0.47433179705169803,0.0|0.5|1.0
1.000000-P4P105S300I00008 Gated 40.0A-54784-1-078,20.721955185973314,0.8283809053139662,0.17707855234608472,0.46178396806100985,0.1997222900390625,1.0817368436346058,1.6772113397699564,1.013082273621321,0.5992323302659015,0.7645936206133219,0.0|0.5|1.0
1.000000-P4P105S300I00009 Gated 50.0A-40237-1-078,21.084810744026466,0.8430153641104944,0.1565521665452474,0.44783029166184635,0.1995391845703125,1.0817615164437593,1.6192651272105458,1.015607141320699,0.5753179571960518,0.7356181377166162,0.0|0.5|1.0
1.000000-P4P105S300I00009 Gated 50.0A-40237-1-081,23.57238875243175,0.8446373762981595,0.1212796830697016,0.33727375838008833,0.19895172119140625,1.0901736827165496,1.4375297668651699,1.0005847311051934,0.7602369749586606,0.5528639673630688,0.0|0.5|1.0
1.000000-P4P105S300I00010 Gated 60.0A-69158-1-056,23.986445506211282,0.8339532168399277,0.12313259681484556,0.3214193008533323,0.20450973510742188,1.121858287677931,1.4812552474289886,1.0259981312255304,0.7980907951526109,0.5629828943816996,0.0|0.5|1.0
1.000000-P4P105S300I00011 Gated 70.0A-12662-1-031,26.735006530805578,0.8682155112828969,0.07343550657025366,0.2583262729960576,0.19552993774414062,1.5018463205558301,1.4806750317479438,0.9434188281189752,0.765799162077924,0.3472864476019559,0.0|0.5|1.0
1.000000-P4P105S300I00013 Gated 90.0A-34039-1-045,26.07001428176774,0.8431046658741028,0.10437043370431587,0.29339925850993087,0.20266342163085938,1.1315014004690231,1.4207858161864197,1.0398396169820228,0.8146430986799132,0.4777866804017035,0.0|0.5|1.0
1.000000-P4P105S300I00013 Gated 90.0A-34039-1-060,25.877768028028015,0.8380075387291464,0.08759200303569514,0.2501155676192057,0.20447540283203125,1.0705336514068848,1.245481943683739,1.0259084218148806,0.9080251233773086,0.3950070220304004,0.0|0.5|1.0
1.000000-P4P105S300I00013 Gated 90.0A-34039-1-103,26.139278789707788,0.9000896554762657,0.06016704047283872,0.23885651792764942,0.19556427001953125,1.8090196914309329,1.7587056729636237,0.3871502748531622,0.41567024288725873,0.2753272681421606,0.0|0.5|1.0
1.000000-P4P117S300I00005 Gated 20.0A-79282-1-36,26.804505535118444,0.8061953348049675,0.09367862284301731,0.24637262076257813,0.3372917175292969,1.4403975054724307,1.3211076128328696,0.6879048006820037,0.730227892783302,0.26534532938276195,0.0|0.5|1.0
1.000000-P4P117S300I00005 Gated 20.0A-79282-1-66,23.434016284329772,0.7384401340478365,0.13850330331212568,0.3208926861291839,0.3811073303222656,1.7050163924449357,1.458867913441165,0.4256688541265644,0.45286759995808573,0.35678807771397175,0.0|0.5|1.0
1.000000-P4P117S300I00006 Gated 30.0A-98754-1-21,26.60812636730352,0.8110374573728913,0.09331637563208206,0.25257490678310757,0.3136863708496094,1.70620284997886,1.5225767673906003,0.5038162987725046,0.5048305639814321,0.2861210041705743,0.0|0.5|1.0
1.000000-P4P117S300I00006 Gated 30.0A-98754-1-53,23.43992016656873,0.7515233752324787,0.12341629553277622,0.29872858824643406,0.3662567138671875,1.4172120505979007,1.16640797480448,0.7017922876547255,0.7882260857585028,0.32529887664792223,0.0|0.5|1.0
1.000000-P4P117S300I00008 Gated 50.0A-92363-1-27,26.686533583930622,0.814532588856356,0.09782396718225783,0.26033542769112794,0.3221321105957031,1.573801108517188,1.3899419163990183,0.5791319831952215,0.6526502884531572,0.2928198602245972,0.0|0.5|1.0
1.000000-P4P117S300I00008 Gated 50.0A-92363-1-59,23.12319031043821,0.7584130646241812,0.1355510487751097,0.3246004454360958,0.3743858337402344,1.5765495834539764,1.406265499666295,0.5568983984561361,0.5792967221571279,0.3549601962894011,0.0|0.5|1.0
1.000000-P4P117S300I00008 Gated 50.0A-92363-1-75,23.09888696582909,0.7854520704218535,0.1510836266713511,0.34799419231785106,0.37920379638671875,1.822771115799623,1.461879409774112,0.25710614214471467,0.40998821033637906,0.3922519981715522,0.0|0.5|1.0
1.000000-P4P117S301I00003 Gated 0.0A-30542-1-114,22.860657475692243,0.7592766820253112,0.12824678650699362,0.3403387179495902,0.36730194091796875,1.7530833742920386,1.468217331380167,0.2552672714911168,0.45424778679492117,0.3415448922085601,0.0|0.5
1.000000-P4P117S301I00004 Gated 10.0A-87756-1-094,22.452993669791645,0.7402876458088441,0.14013475843711554,0.3621974743165347,0.3847236633300781,1.8068842728367691,1.5234285391943188,0.29383543223578884,0.49211938892235146,0.35794049281347673,0.0|0.5|1.0
1.000000-P4P117S301I00005 Gated 20.0A-84587-1-029,25.443867446842763,0.8331544695187829,0.09733435449209082,0.2875036330549486,0.296051025390625,1.7913701855417443,1.5785552816415191,0.34101939120843766,0.3843262082322585,0.31305295368807723,0.0|0.5
1.000000-P4P117S301I00005 Gated 20.0A-84587-1-033,25.626002246116734,0.8279526331879936,0.10102244522560522,0.30165665509371653,0.30420684814453125,1.8073413164064887,1.59129785898882,0.35425200963745485,0.4110513398907918,0.31892130791153267,0.0|0.5
1.000000-P4P117S301I00005 Gated 20.0A-84587-1-037,25.8741859238307,0.8220877687184884,0.10273333584779287,0.2977380218766436,0.31142425537109375,1.7636890802859273,1.5608461288721387,0.4686468726086317,0.5035119562246815,0.31559327742301135,0.0|0.5|1.0
1.000000-P4P117S301I00005 Gated 20.0A-84587-1-106,23.86559189749144,0.7415107818646665,0.1117098171507176,0.29722904394365346,0.3786964416503906,1.7490368892246722,1.5850365588380804,0.3036123154594704,0.3887607716353984,0.2891729940751915,0.0|0.5
1.000000-P4P117S301I00005 Gated 20.0A-84587-1-142,24.62325389582341,0.8225278857662119,0.09774718196982635,0.302556244686784,0.3290061950683594,1.6835466717149912,1.5498830583106247,0.34432821197671215,0.37494739264887944,0.2884927266005647,0.0|0.5
1.000000-P4P117S301I00006 Gated 30.0A-04191-1-044,25.777858921395264,0.81126466535615,0.10007456560260186,0.28754449965538503,0.3259925842285156,1.5659221318579335,1.3915416496253725,0.619888320791628,0.6848252689187643,0.2947210326548868,0.0|0.5|1.0
1.000000-P4P117S301I00006 Gated 30.0A-04191-1-115,22.984122486812844,0.7372058052072892,0.1253407570646594,0.33380921665609825,0.3618049621582031,1.7495182727750418,1.4940583852455225,0.2855702521724734,0.43575972995025936,0.33929562714939493,0.0|0.5
1.000000-P4P117S301I00006 Gated 30.0A-04191-1-117,24.46475833066856,0.7590352200871519,0.10732859829977537,0.29473726520379917,0.35704803466796875,1.7470418615809702,1.570056465295539,0.2698238391834064,0.4052422699096763,0.2929187865828017,0.0|0.5
1.000000-P4P117S301I00008 Gated 50.0A-70687-1-062,23.735473360476927,0.7475956874014258,0.1184319695638334,0.3124794294842516,0.3539237976074219,1.4024054577844518,1.1574216496676373,0.6973411202970259,0.7971017735751731,0.32429093173016105,0.0|0.5|1.0
1.000000-P4P117S301I00008 Gated 50.0A-70687-1-108,22.92967083478919,0.7472809036971334,0.1534559843102623,0.37342454882933573,0.3756370544433594,1.7424969480935004,1.391386910535301,0.2970263350518127,0.4565418189712999,0.4018067936502591,0.0|0.5
1.000000-P4P117S301I00009 Gated 60.0A-11379-1-034,25.55951012827018,0.8240161748638871,0.1026322096127732,0.3070542859306132,0.3056793212890625,1.805944546647487,1.573304335834556,0.3744378200216247,0.42263263726658523,0.32420213543660603,0.0|0.5|1.0
1.000000-P4P117S301I00010 Gated 70.0A-84091-1-025,23.851188750707088,0.8020138271998113,0.11956661483381614,0.3545801150124651,0.31728363037109375,1.6851846888817836,1.5643290169849529,0.5936816433351796,0.47490301064418916,0.36578559159036333,0.0|0.5
1.000000-P4P117S301I00010 Gated 70.0A-84091-1-072,22.094595330852673,0.7334760527103819,0.14890647682910618,0.3568040862348508,0.3741416931152344,1.4701274129989137,1.1203819563613164,0.6632220539395115,0.7729884766300579,0.389539044755028,0.0|0.5|1.0
1.000000-P4P117S301I00010 Gated 70.0A-84091-1-142,24.259176135978116,0.8190700307936423,0.11320162192910743,0.3245988728557452,0.3272438049316406,1.6740831197496269,1.4432381253881688,0.356916385224506,0.39257041278441457,0.3374892743480138,0.0|0.5
1.000000-P4P117S301I00011 Gated 80.0A-27810-1-091,23.05867979359759,0.7578671463222835,0.15166833891223774,0.3429349152674233,0.38596343994140625,1.771712513350107,1.423219028913723,0.32556385848383124,0.43437386478261525,0.3859333936029494,0.0|0.5|1.0
1.000000-P4P117S301I00011 Gated 80.0A-27810-1-092,23.921328298295983,0.7620133847765782,0.1277803073899566,0.2984268140362074,0.385833740234375,1.7886925261053557,1.5205669441185685,0.30866362178701895,0.3844699305035151,0.3231968968697623,0.0|0.5|1.0
1.000000-P4P117S301I00011 Gated 80.0A-27810-1-147,24.36619231462931,0.8076659223490936,0.10388244032576255,0.31267477244313413,0.3297004699707031,1.6774493553753875,1.519949462501688,0.36017421317776516,0.395902378663956,0.30669583838568204,0.0|0.5
1.000000-P4P117S302I00003 Gated 0.0A-54642-1-054,25.99370658164737,0.8101957466166054,0.0896292637862337,0.23044357637501686,0.3524932861328125,1.2770585471092597,1.1928640308182867,0.8283387330767665,0.7976977807515158,0.24438471942856588,0.0|0.5|1.0
1.000000-P4P117S302I00004 Gated 10.0A-72147-1-111,25.634992248192866,0.8404762547588408,0.0985910193527646,0.2745046957796928,0.34108734130859375,1.7458272604603853,1.5464456623731522,0.27025703079922897,0.3712261263385945,0.2801433067077663,0.0|0.5
1.000000-P4P117S302I00005 Gated 20.0A-66392-1-104,25.777491106120863,0.8188317659022963,0.09415984273167144,0.2467631570432154,0.3546562194824219,1.7510880794593247,1.5909443502907266,0.2746753292455986,0.3094425162774125,0.2590235361896521,0.0|0.5
1.000000-P4P117S302I00006 Gated 30.0A-18623-1-036,27.942874721490515,0.8503640876596914,0.08076853232407899,0.222058417328687,0.3201141357421875,1.4335016405843395,1.3227353980015724,0.7208152260207525,0.7266979920477795,0.2376180710973244,0.0|0.5|1.0
1.000000-P4P117S302I00006 Gated 30.0A-18623-1-111,26.501596172307327,0.8347230616486256,0.10198115277830766,0.26041185171993736,0.3371124267578125,1.7592208648996346,1.5158241129412875,0.25067981877589335,0.3087616895978209,0.29564420278341563,0.0|0.5
1.000000-P4P117S302I00007 Gated 40.0A-15834-1-091,23.32628852432586,0.8084005684439141,0.14046594858194172,0.33684459966850655,0.37090301513671875,1.7822046371887879,1.4910344845257424,0.3545551713105707,0.33757656086420845,0.37263946122021047,0.0|0.5
1.000000-P4P117S302I00008 Gated 50.0A-80899-1-090,22.456853114230544,0.7782795747607415,0.16360386096558122,0.3669884557770953,0.37110137939453125,1.786212633522617,1.4172349405197215,0.3623635688126212,0.34564248339847986,0.43496034963990443,0.0|0.5
1.000000-P4P117S302I00009 Gated 60.0A-40067-1-047,26.543818914648757,0.822924534749044,0.08624107499389089,0.22707047097309332,0.3382682800292969,1.3418794217005319,1.2229483550727946,0.7702740721671345,0.7617650069937023,0.24568799106119432,0.0|0.5|1.0
1.000000-P4P117S302I00009 Gated 60.0A-40067-1-084,24.19547324720145,0.7982891007792993,0.1275475532610848,0.2972620675151512,0.3721351623535156,1.8218866990385396,1.5275244346764436,0.2659647179017669,0.34941661504414373,0.3362735455440287,0.0|0.5|1.0
1.000000-P4P117S302I00010 Gated 70.0A-60710-1-070,23.127124346008884,0.7879317430057002,0.12483451510298771,0.3115500318626229,0.37531280517578125,1.5088288730234125,1.385156059342414,0.6135123146602159,0.5532364497295881,0.32562551148096136,0.0|0.5|1.0
1.000000-P4P117S302I00012 Gated 90.0A-85656-1-024,27.25836545176545,0.8671634633457808,0.08113270961700092,0.2416379573544152,0.292755126953125,1.8050972376633199,1.6972583687885991,0.3759666202079929,0.3160463414340115,0.2626313265701973,0.0|0.5|1.0
1.000000-P4P117S302I00012 Gated 90.0A-85656-1-080,24.85774538115059,0.8147639199917386,0.1268424236331751,0.2943583342807876,0.3746490478515625,1.6855077717020137,1.4278742302950451,0.45708932347108255,0.4700006981813977,0.3322594066851029,0.0|0.5|1.0
1.000000-P4P117S303I00003 Gated 0.0A-45715-1-051,25.828626216852562,0.8035909191909804,0.0933046653500984,0.2674576940112991,0.342681884765625,1.287480021057137,1.211612889154308,0.779411107024638,0.7826418845076363,0.26116391096511554,0.0|0.5|1.0
1.000000-P4P117S303I00005 Gated 20.0A-54841-1-033,25.156741604035226,0.8034544664621144,0.10547534695666982,0.30630579929147583,0.3126106262207031,1.5590902086580392,1.2970908492583428,0.6522800425718277,0.6876495195540765,0.324067112421627,0.0|0.5|1.0
1.000000-P4P117S303I00007 Gated 40.0A-82386-1-111,24.670962658331874,0.8195498759444717,0.10386096982837989,0.30942703722336967,0.3435630798339844,1.725177400773409,1.540971373756353,0.29068761141061356,0.4258067735575174,0.2946746517388002,0.0|0.5
1.000000-P4P117S303I00011 Gated 80.0A-65416-1-100,23.139905791213003,0.7892969924969127,0.1253320378564755,0.3499148256057823,0.366058349609375,1.6979066784667303,1.5250483836287656,0.41240206944552005,0.3861808647809172,0.33616615069105465,0.0|0.5
1.000000-P4P117S304I00005 Gated 20.0A-61359-1-80,24.536184127339354,0.7868586970740205,0.12603016048298166,0.3069036337040166,0.3731956481933594,1.750208678564175,1.5038382097994583,0.34619771118864523,0.4300906524261531,0.3297458739024157,0.0|0.5|1.0
1.000000-P4P117S304I00006 Gated 30.0A-26984-1-82,22.93893959752222,0.7326485839668444,0.15836360904616908,0.3509917034594301,0.3719596862792969,1.7913167410030766,1.4148061034121708,0.3195119144933781,0.39408329419589405,0.41928024530626967,0.0|0.5|1.0
1.000000-P4P117S304I00007 Gated 40.0A-06258-1-58,25.03812497255388,0.7753880774792069,0.1003165107337427,0.26296564543002765,0.3442192077636719,1.3479291204246557,1.183963782177682,0.7428631019352547,0.80926880043565,0.2811675893410703,0.0|0.5|1.0
1.000000-P4P117S304I00010 Gated 70.0A-00115-1-26,26.582774844629835,0.8345124893165381,0.09611942049377831,0.27692229916577066,0.29315948486328125,1.788730334243928,1.59521892704292,0.37118423272316464,0.33964305343859363,0.31387650698474284,0.0|0.5|1.0
1.000000-P4P117S304I00010 Gated 70.0A-00115-1-86,23.70900933882328,0.7397613715815253,0.13852445122659418,0.30978098830450773,0.3718070983886719,1.8206390559800816,1.501059801509,0.2743335995809638,0.3369845810168531,0.3660669121927188,0.0|0.5|1.0
1.000000-P4P117S304I00011 Gated 80.0A-89961-1-26,26.822066619145303,0.8289155199441248,0.09206461414080103,0.26473727284437487,0.2936820983886719,1.7890356733722923,1.6187642813363983,0.37509928598620323,0.3230507584264006,0.30176452345003435,0.0|0.5|1.0
1.000000-P4P117S304I00011 Gated 80.0A-89961-1-46,32.057991062404135,0.8808335997591229,0.08772493202225062,0.2414319779116564,0.3279609680175781,1.3441744117642223,1.2068351377706938,0.7691322230597548,0.7702786753280073,0.255392440963066,0.0|0.5|1.0
1.000000-P4P117S304I00012 Gated 90.0A-75833-1-21,26.84988448344324,0.8475622945302248,0.08661898178276672,0.24608420248080456,0.283721923828125,1.7721351540912447,1.7550724851889896,0.35475943765702744,0.33755527431922533,0.29207727904802666,0.0|0.5
1.000000-P4P117S305I00003 Gated 0.0A-96421-1-46,31.793061977449078,0.8670742239108457,0.09108497482031375,0.24890937055646992,0.3300514221191406,1.3027078815259898,1.2949822454635025,0.8181486894000235,0.7698306682011051,0.26313468872749013,0.0|0.5|1.0
1.000000-P4P117S305I00003 Gated 0.0A-96421-1-58,25.69942038022276,0.7937859357354273,0.09919184844843176,0.2635113983994756,0.35184478759765625,1.2492679362277943,1.056976582503496,0.8215446386924526,0.8515907057054017,0.27225581585590874,0.0|0.5|1.0
1.000000-P4P117S305I00004 Gated 10.0A-28414-1-65,24.814718161163572,0.7652925697975854,0.11349057037349342,0.2839369853486063,0.36560821533203125,1.32940972465204,1.1184612275600154,0.7585363921121182,0.7852400831572732,0.3014205360577345,0.0|0.5|1.0
1.000000-P4P117S305I00005 Gated 20.0A-05991-1-43,27.46925464450618,0.8354134847055572,0.08462352261532047,0.23573877877596647,0.3272895812988281,1.3438337600936516,1.2165712663077586,0.7433928813541993,0.7750615928703399,0.24753289701871933,0.0|0.5|1.0
1.000000-P4P117S305I00006 Gated 30.0A-39820-1-27,27.240557921309637,0.8633547869144114,0.08730636320911334,0.25461064099786174,0.29689788818359375,1.7677419566656756,1.5907484395303488,0.44498396867960255,0.37624313839066265,0.2813195187597779,0.0|0.5|1.0
1.000000-P4P117S305I00008 Gated 50.0A-65210-1-54,25.933711488268347,0.7873363391960716,0.09699975793086768,0.25662140034261516,0.34197235107421875,1.3344478559464568,1.1900053757044669,0.7628672739297783,0.8109345529327313,0.27166150583027393,0.0|0.5|1.0
1.000000-P4P117S305I00009 Gated 60.0A-75309-1-30,26.811358158257068,0.8260198559328839,0.08535509568922617,0.2397350216753039,0.30245208740234375,1.6612034694830158,1.4938872498521019,0.5304285597195542,0.5131812034018886,0.2703609495784718,0.0|0.5|1.0
1.000000-P4P117S305I00009 Gated 60.0A-75309-1-49,25.336276317779557,0.7913432687050546,0.10044286801350077,0.27015405842010676,0.33237457275390625,1.3628945726155008,1.1668223260366515,0.7307706451919844,0.8096964333818989,0.28939477321986423,0.0|0.5|1.0
1.000000-P4P117S305I00009 Gated 60.0A-75309-1-89,23.797968503722178,0.7659132416213575,0.14837156788157557,0.3462294736974044,0.37136077880859375,1.7738690323375537,1.4742793189236367,0.37472849389898566,0.333448722959165,0.39363827293873616,0.0|0.5
1.000000-P4P117S305I00010 Gated 70.0A-77678-1-30,26.253332826528577,0.8343095204009862,0.09126338907898912,0.25493155963782177,0.3028221130371094,1.6563284050338016,1.4387590892435382,0.5293340895982689,0.5439968085504504,0.29055628235886,0.0|0.5|1.0
1.000000-P4P117S306I00005 Gated 20.0A-13540-1-75,22.59302601520954,0.7309685761334791,0.14896430404772332,0.3444887527337148,0.37326812744140625,1.8214010000393446,1.4715234378368656,0.27498760931565525,0.378619761644276,0.39300509341344747,0.0|0.5|1.0
1.000000-P4P117S306I00006 Gated 30.0A-54384-1-69,23.551650257028616,0.7489751511219208,0.15156020070588427,0.3463258406385071,0.3748626708984375,1.7686817524139302,1.4278472265703237,0.3360027613911844,0.43819135458798647,0.3978637157312913,0.0|0.5|1.0
1.000000-P4P117S306I00008 Gated 50.0A-77346-1-53,24.34472233247641,0.7618735312986749,0.10865990468685105,0.2743413260278373,0.3614387512207031,1.416346020986982,1.253060906141293,0.6906049377649478,0.7751639015774549,0.2899987758817871,0.0|0.5|1.0
1.000000-P4P117S306I00008 Gated 50.0A-77346-1-78,24.21372718659157,0.7563782409442795,0.15181679218627053,0.348924217498468,0.3728752136230469,1.8196927815895563,1.4521760862305588,0.26640261087221556,0.3770158239584818,0.40152252391238547,0.0|0.5
1.000000-P4P117S306I00009 Gated 60.0A-31163-1-70,23.176023618120464,0.7447006514413346,0.1698750567820837,0.3680469996069115,0.3743095397949219,1.7911425070388514,1.3780302636275064,0.3137975646642133,0.39198272758334207,0.4468725392457135,0.0|0.5|1.0
1.000000-P4P117S306I00011 Gated 80.0A-73769-1-90,25.360016745655734,0.7801904577388071,0.11015299843949444,0.27860730366659864,0.36749267578125,1.7308099274237267,1.537358540237615,0.3171416868122673,0.3394126366400139,0.2929850300978157,0.0|0.5
1.000000-P4P117S306I00012 Gated 90.0A-24965-1-80,23.16832845755316,0.734043449802845,0.1544148433082171,0.3433643865400914,0.3755683898925781,1.827341434494951,1.4596939373460942,0.2726865819684722,0.35597713271323755,0.4052510875545428,0.0|0.5
1.000000-P4P117S308I00003 Gated 0.0A-49546-1-099,24.625603293871322,0.8052512623711694,0.09331093630247889,0.27561319163640097,0.3187255859375,1.4252970613033351,1.2790492074173272,0.8827018529955736,0.8528589439589197,0.28046592201660137,0.0|0.5
1.000000-P4P117S308I00004 Gated 10.0A-78586-1-078,24.94089598916841,0.8462197030996822,0.08771426847685415,0.2606899449075601,0.3193473815917969,1.2471243125938554,1.1983056469070064,0.895710547130739,0.8651786900699227,0.2629852645647705,0.0|0.5|1.0
1.000000-P4P117S308I00004 Gated 10.0A-78586-1-104,25.34937532336049,0.8467272973252064,0.09496755537919555,0.29616954580977484,0.3135108947753906,1.3528377077395637,1.2282714140272148,0.8622408464100283,0.8494964142216685,0.29108783523343895,0.0|0.5
1.000000-P4P117S308I00005 Gated 20.0A-76239-1-044,28.10106220745404,0.8622206122915952,0.07552846319371742,0.22820171753505245,0.2823333740234375,1.070169000514969,1.0663875563806673,0.9754162751928838,0.9623187584616469,0.2511092181468943,0.0|0.5|1.0
1.000000-P4P117S308I00007 Gated 40.0A-32548-1-065,25.31714953499515,0.8182314329086497,0.08699448333186677,0.22826355456517058,0.308837890625,1.0374041655433304,1.0994209772803092,0.9522373975399044,0.9375193939316974,0.26654835130717447,0.0|0.5|1.0
1.000000-P4P117S308I00007 Gated 40.0A-32548-1-080,25.830700134106603,0.8446721399893548,0.08391430142840761,0.240156993710642,0.3191490173339844,1.3483722999920955,1.2599864688622513,0.8783526351362047,0.845293724011383,0.24991961600969803,0.0|0.5|1.0
1.000000-P4P117S308I00009 Gated 60.0A-55977-1-039,26.905326366956448,0.864074645490656,0.07763293974193708,0.25089242572019504,0.22435379028320312,1.5121352365755103,1.539080871001383,0.6404453563480743,0.690554498691555,0.32535239107318664,0.0|0.5|1.0
1.000000-P4P117S308I00010 Gated 70.0A-15360-1-026,28.315927924549626,0.865164901471372,0.06964820224220425,0.22271929611440908,0.2603302001953125,1.3347575267782326,1.2739036773770909,0.9428550721471102,0.9070949882707332,0.2522781026676431,0.0|0.5
1.000000-P4P117S308I00010 Gated 70.0A-15360-1-036,26.259572990341212,0.8582890037414156,0.08886224503345463,0.26339001647996246,0.2718544006347656,1.2093029838071805,1.2865460001141051,0.9678296688108011,0.945749763074321,0.3076064639568133,0.0|0.5|1.0
1.000000-P4P117S308I00010 Gated 70.0A-15360-1-081,32.38669801267333,0.9073653823690093,0.08114323208745233,0.23246600104567489,0.31993865966796875,1.3348581747434156,1.2748432760093131,0.8809337862352737,0.8483162756204485,0.24070921759303787,0.0|0.5|1.0
1.000000-P4P117S308I00012 Gated 90.0A-24319-1-093,25.392431106114014,0.8480391996224185,0.09861675991311136,0.28489462715600167,0.31882476806640625,1.44751632148932,1.2054120001936595,0.8654221254800755,0.838769617668689,0.29901406025707333,0.0|0.5|1.0
