case_id,reason
1.000000-P4P100S300I00003 Gated 0.0A-29193-1-123,a máscara não tem dois componentes pulmonares relevantes
1.000000-P4P100S300I00004 Gated 10.0A-82400-1-022,área pulmonar fora da faixa operacional (1.5%)
1.000000-P4P100S300I00005 Gated 20.0A-81534-1-025,área pulmonar fora da faixa operacional (2.4%)
1.000000-P4P100S300I00005 Gated 20.0A-81534-1-123,a máscara não tem dois componentes pulmonares relevantes
1.000000-P4P100S300I00006 Gated 30.0A-66113-1-100,a máscara não tem dois componentes pulmonares relevantes
1.000000-P4P100S300I00006 Gated 30.0A-66113-1-113,a máscara não tem dois componentes pulmonares relevantes
1.000000-P4P100S300I00008 Gated 50.0A-57212-1-120,a máscara não tem dois componentes pulmonares relevantes
1.000000-P4P100S300I00011 Gated 80.0A-15277-1-136,a máscara não tem dois componentes pulmonares relevantes
1.000000-P4P105S300I00006 Gated 20.0A-02729-1-028,área pulmonar fora da faixa operacional (2.7%)
1.000000-P4P105S300I00013 Gated 90.0A-34039-1-103,a máscara não tem dois componentes pulmonares relevantes
1.000000-P4P117S300I00005 Gated 20.0A-79282-1-66,área pulmonar fora da faixa operacional (2.3%)
1.000000-P4P117S300I00006 Gated 30.0A-98754-1-21,área pulmonar fora da faixa operacional (2.1%)
1.000000-P4P117S300I00008 Gated 50.0A-92363-1-75,a máscara não tem dois componentes pulmonares relevantes
1.000000-P4P117S301I00003 Gated 0.0A-30542-1-114,a máscara não tem dois componentes pulmonares relevantes
1.000000-P4P117S301I00004 Gated 10.0A-87756-1-094,a máscara não tem dois componentes pulmonares relevantes
1.000000-P4P117S301I00005 Gated 20.0A-84587-1-029,a máscara não tem dois componentes pulmonares relevantes
1.000000-P4P117S301I00005 Gated 20.0A-84587-1-033,a máscara não tem dois componentes pulmonares relevantes
1.000000-P4P117S301I00005 Gated 20.0A-84587-1-037,área pulmonar fora da faixa operacional (1.2%)
1.000000-P4P117S301I00005 Gated 20.0A-84587-1-106,a máscara não tem dois componentes pulmonares relevantes
1.000000-P4P117S301I00005 Gated 20.0A-84587-1-142,a máscara não tem dois componentes pulmonares relevantes
1.000000-P4P117S301I00006 Gated 30.0A-04191-1-115,a máscara não tem dois componentes pulmonares relevantes
1.000000-P4P117S301I00006 Gated 30.0A-04191-1-117,a máscara não tem dois componentes pulmonares relevantes
1.000000-P4P117S301I00008 Gated 50.0A-70687-1-108,a máscara não tem dois componentes pulmonares relevantes
1.000000-P4P117S301I00009 Gated 60.0A-11379-1-034,a máscara não tem dois componentes pulmonares relevantes
1.000000-P4P117S301I00010 Gated 70.0A-84091-1-025,a máscara não tem dois componentes pulmonares relevantes
1.000000-P4P117S301I00010 Gated 70.0A-84091-1-142,a máscara não tem dois componentes pulmonares relevantes
1.000000-P4P117S301I00011 Gated 80.0A-27810-1-091,área pulmonar fora da faixa operacional (1.1%)
1.000000-P4P117S301I00011 Gated 80.0A-27810-1-092,área pulmonar fora da faixa operacional (0.8%)
1.000000-P4P117S301I00011 Gated 80.0A-27810-1-147,a máscara não tem dois componentes pulmonares relevantes
1.000000-P4P117S302I00004 Gated 10.0A-72147-1-111,a máscara não tem dois componentes pulmonares relevantes
1.000000-P4P117S302I00005 Gated 20.0A-66392-1-104,a máscara não tem dois componentes pulmonares relevantes
1.000000-P4P117S302I00006 Gated 30.0A-18623-1-111,a máscara não tem dois componentes pulmonares relevantes
1.000000-P4P117S302I00007 Gated 40.0A-15834-1-091,a máscara não tem dois componentes pulmonares relevantes
1.000000-P4P117S302I00008 Gated 50.0A-80899-1-090,a máscara não tem dois componentes pulmonares relevantes
1.000000-P4P117S302I00009 Gated 60.0A-40067-1-084,a máscara não tem dois componentes pulmonares relevantes
1.000000-P4P117S302I00012 Gated 90.0A-85656-1-024,a máscara não tem dois componentes pulmonares relevantes
1.000000-P4P117S302I00012 Gated 90.0A-85656-1-080,área pulmonar fora da faixa operacional (2.9%)
1.000000-P4P117S303I00007 Gated 40.0A-82386-1-111,a máscara não tem dois componentes pulmonares relevantes
1.000000-P4P117S303I00011 Gated 80.0A-65416-1-100,a máscara não tem dois componentes pulmonares relevantes
1.000000-P4P117S304I00005 Gated 20.0A-61359-1-80,área pulmonar fora da faixa operacional (1.2%)
1.000000-P4P117S304I00006 Gated 30.0A-26984-1-82,a máscara não tem dois componentes pulmonares relevantes
1.000000-P4P117S304I00010 Gated 70.0A-00115-1-26,a máscara não tem dois componentes pulmonares relevantes
1.000000-P4P117S304I00010 Gated 70.0A-00115-1-86,a máscara não tem dois componentes pulmonares relevantes
1.000000-P4P117S304I00011 Gated 80.0A-89961-1-26,a máscara não tem dois componentes pulmonares relevantes
1.000000-P4P117S304I00012 Gated 90.0A-75833-1-21,a máscara não tem dois componentes pulmonares relevantes
1.000000-P4P117S305I00006 Gated 30.0A-39820-1-27,área pulmonar fora da faixa operacional (0.9%)
1.000000-P4P117S305I00009 Gated 60.0A-75309-1-30,área pulmonar fora da faixa operacional (2.2%)
1.000000-P4P117S305I00009 Gated 60.0A-75309-1-89,a máscara não tem dois componentes pulmonares relevantes
1.000000-P4P117S305I00010 Gated 70.0A-77678-1-30,área pulmonar fora da faixa operacional (2.2%)
1.000000-P4P117S306I00005 Gated 20.0A-13540-1-75,a máscara não tem dois componentes pulmonares relevantes
1.000000-P4P117S306I00006 Gated 30.0A-54384-1-69,área pulmonar fora da faixa operacional (1.1%)
1.000000-P4P117S306I00008 Gated 50.0A-77346-1-78,a máscara não tem dois componentes pulmonares relevantes
1.000000-P4P117S306I00009 Gated 60.0A-31163-1-70,área pulmonar fora da faixa operacional (0.8%)
1.000000-P4P117S306I00011 Gated 80.0A-73769-1-90,a máscara não tem dois componentes pulmonares relevantes
1.000000-P4P117S306I00012 Gated 90.0A-24965-1-80,a máscara não tem dois componentes pulmonares relevantes
1.000000-P4P117S308I00003 Gated 0.0A-49546-1-099,a máscara não tem dois componentes pulmonares relevantes
1.000000-P4P117S308I00004 Gated 10.0A-78586-1-078,área pulmonar fora da faixa operacional (3.0%)
1.000000-P4P117S308I00004 Gated 10.0A-78586-1-104,a máscara não tem dois componentes pulmonares relevantes
1.000000-P4P117S308I00007 Gated 40.0A-32548-1-080,área pulmonar fora da faixa operacional (1.5%)
1.000000-P4P117S308I00010 Gated 70.0A-15360-1-026,a máscara não tem dois componentes pulmonares relevantes
1.000000-P4P117S308I00010 Gated 70.0A-15360-1-036,área pulmonar fora da faixa operacional (2.4%)
1.000000-P4P117S308I00010 Gated 70.0A-15360-1-081,área pulmonar fora da faixa operacional (1.9%)
1.000000-P4P117S308I00012 Gated 90.0A-24319-1-093,a máscara não tem dois componentes pulmonares relevantes
