case_id,original_energy,dgen_energy,dgen_energy_error,dsr_energy,dsr_energy_error,original_entropy,dgen_entropy,dgen_entropy_error,dsr_entropy,dsr_entropy_error,dgen_status,dgen_pair_distance_energy_iqr,dgen_pair_distance_entropy_iqr,log2_energy_ratio_dgen_s2_LH,log2_energy_ratio_dgen_s2_HL,log2_energy_ratio_dgen_s2_HH,log2_energy_ratio_dgen_s1_LH,log2_energy_ratio_dgen_s1_HL,log2_energy_ratio_dgen_s1_HH,dsr_status,dsr_pair_distance_energy_iqr,dsr_pair_distance_entropy_iqr,log2_energy_ratio_dsr_s2_LH,log2_energy_ratio_dsr_s2_HL,log2_energy_ratio_dsr_s2_HH,log2_energy_ratio_dsr_s1_LH,log2_energy_ratio_dsr_s1_HL,log2_energy_ratio_dsr_s1_HH
1.000000-P4P100S300I00003 Gated 0.0A-29193-1-058,0.012368328826550957,0.008362536833532013,0.004005791993018945,0.0075898263419176245,0.004778502484633333,0.9374964904678517,0.9558789555117325,0.018382465043880858,0.9411555170095024,0.003659026541650734,approved,0.7415458345172972,0.930020642456839,-0.2901102823780992,-0.8735511371418797,-0.42154753016988183,-0.23184750371706364,-0.7675062165215558,-0.5253909357027193,approved,0.8845887701822177,0.18512045076160336,-0.5471836576996256,-0.7626672115574215,-0.8585705428021103,-0.793316666383623,-0.9725652142576798,-1.1080871889297512
1.000000-P4P105S300I00004 Gated 0.0A-69532-1-059,0.007331223891107352,0.01076152491149481,0.0034303010203874575,0.007541933718688034,0.00021070982758068183,0.9179736889212107,0.9516300730219726,0.03365638410076188,0.9406567741524162,0.022683085231205546,manual_review,0.6350118621340813,1.7027711946926403,0.8260549924349931,0.3045588187928855,0.65603650367965,0.6840017249649832,0.19606716121342385,0.4088228114121255,manual_review,0.03900626772598713,1.1476011214639221,0.2569435979245797,-0.06920971154024783,-0.045911966038661586,-0.02363344164414034,-0.3689144876483671,-0.4357040193513966
1.000000-P4P105S300I00006 Gated 20.0A-02729-1-042,0.007784451396087996,0.009808787274627041,0.002024335878539045,0.005380508256545415,0.002403943139542581,0.9120023811923486,0.9503078751308157,0.03830549393846716,0.9376943909841908,0.025692009791842274,manual_review,0.37474183407691547,1.9379827459070063,0.6478057085395476,-0.012382688293453493,0.5814969010146223,0.565115835770683,0.1985357766693237,0.39380277859978485,manual_review,0.4450141257086995,1.2998310833492053,-0.27242217883010694,-0.7066643529192487,-0.5399437475841687,-0.5851075584507266,-0.7490658898847133,-0.8280106964239486
1.000000-P4P105S300I00006 Gated 20.0A-02729-1-070,0.012273098071566275,0.012020754219075872,0.0002523438524904033,0.009828267186260418,0.0024448308853058567,0.9174696658159992,0.9543114980127921,0.036841832196792934,0.9382645795058,0.020794913689800798,manual_review,0.04671349211502128,1.863931979044023,-0.11182698990088308,-0.0061957134941517025,0.15511459991990778,0.07019034202675499,0.007318983842941218,-0.0816645998684982,manual_review,0.4525832000905944,1.052073209085788,-0.14610899293696392,-0.44445054628571057,-0.5110893433615795,-0.3576420859851833,-0.6164909478605524,-0.8530967182929245
1.000000-P4P105S300I00006 Gated 20.0A-02729-1-078,0.009578779475026764,0.011666761579168523,0.00208798210414176,0.007834777752279578,0.0017440017227471852,0.9205754660181199,0.9548918918341069,0.03431642581598704,0.9433255094797511,0.02275004346163123,manual_review,0.3865239220037706,1.7361645626972406,0.5846905161944796,0.0914351226814916,0.054481980435047116,0.26473361840721654,0.024339373357502483,-0.030318768111529205,manual_review,0.32284682158933287,1.1509887267894112,-0.14279852754897335,-0.3071840758584111,-0.4807088897207504,-0.4202827286742856,-0.6257998887015966,-0.7629701663295411
1.000000-P4P105S300I00008 Gated 40.0A-54784-1-078,0.011335029542916946,0.006602895085919666,0.00473213445699728,0.0072101567790238165,0.004124872763893129,0.9210718454864901,0.9159366360787945,0.005135209407695629,0.9431386055474636,0.022066760060973523,approved,0.8760051947473922,0.25980469654614,-0.5228109931137347,-0.9996004029343667,-0.9174782934863175,-0.5986927361708672,-1.0683055369174457,-0.7465257750413594,manual_review,0.7635898771852018,1.116419496507028,-0.5459417779744198,-0.6680226642217099,-0.7502503734269752,-0.7865481574755505,-0.9460109683853395,-1.0603640762701025
1.000000-P4P105S300I00009 Gated 50.0A-40237-1-078,0.011489618575304205,0.00753853461737499,0.003951083957929215,0.007288993093781069,0.004200625481523136,0.9206093268481873,0.9243470695564512,0.0037377427082638803,0.9441741892213571,0.023564862373169793,approved,0.7314183701841228,0.18910292317052912,-0.35658926560868554,-0.7415605175999638,-0.8839211380508863,-0.6975639274981215,-0.9991433156261533,-0.8841046953938873,manual_review,0.7776130996365406,1.1922127087627827,-0.5865703279262481,-0.6212251797176787,-0.7919102493195804,-0.7357554837749479,-1.0462672175412697,-1.1635120732267346
1.000000-P4P105S300I00009 Gated 50.0A-40237-1-081,0.010251926155840198,0.01108216729629243,0.0008302411404522321,0.006730173554937828,0.00352175260090237,0.9238283811981255,0.9503966943827361,0.026568313184610615,0.9441133844119779,0.020285003213852404,manual_review,0.15369291776012878,1.3441657382708425,0.09609256919575827,0.34785492681490954,-0.22558120071739066,-0.1364544608091922,-0.16465146519869542,-0.4691398202495027,manual_review,0.6519412330822089,1.0262754030078236,-0.5332329880736931,-0.4744364062953015,-1.0152468981662275,-0.776606847404483,-0.9095808201749931,-1.2627097921561632
1.000000-P4P105S300I00010 Gated 60.0A-69158-1-056,0.010876122808318385,0.012935602953561115,0.00205948014524273,0.009529839950039863,0.001346282858278522,0.9199426117172268,0.9547345341651167,0.03479192244788987,0.9417154054413021,0.021772793724075257,manual_review,0.3812476847617989,1.760221275550098,0.30428562853461744,0.14444255562875258,0.45814595692534443,0.43194941052078567,0.08417164319978193,0.3807770482240597,manual_review,0.24922173876684295,1.101546912180052,0.052031341017216896,-0.38419114127094145,-0.20624771769764447,-0.3254008160854489,-0.6432981432771067,-0.6773156365789055
1.000000-P4P105S300I00011 Gated 70.0A-12662-1-031,0.005322197546089477,0.0077324587439148015,0.002410261197825324,0.003510611072770091,0.0018115864733193863,0.9016519990340623,0.9484748565817643,0.04682285754770199,0.9300251012799658,0.028373102245903503,manual_review,0.44618371459648265,2.368900142294817,1.118631793582709,0.1618829087822408,-0.17919774128153615,0.612729797182467,0.09259848257363743,-0.0953782495451882,manual_review,0.33535800298643176,1.4354750963072078,-0.42342296487097303,-0.4377069621388597,-1.1504251141232016,-0.8947236687527734,-1.032928064686593,-1.5604872061212218
1.000000-P4P105S300I00013 Gated 90.0A-34039-1-045,0.007030488014824747,0.011402510583944965,0.004372022569120218,0.004691869641568487,0.00233861837325626,0.9187624410597333,0.9556892324652521,0.0369267914055188,0.939977393974342,0.02121495291460873,manual_review,0.809341855542367,1.8682303045239432,1.0805420423544694,0.20123968189200703,0.9245461977696128,1.1468534199776086,0.5859357715776187,0.8657975207761729,manual_review,0.432921309003574,1.0733241756335516,-0.30639406717027867,-0.8005324872779982,-0.6445204964121487,-0.48905260325080485,-0.7932906013013811,-0.69511120292828
1.000000-P4P105S300I00013 Gated 90.0A-34039-1-060,0.006160510149332139,0.010519540039601795,0.004359029890269656,0.006370756746792065,0.00021024659745992602,0.926491635726019,0.9516441391382519,0.02515250341223285,0.9444272828122342,0.0179356470862152,manual_review,0.8069366715244136,1.2725359372098717,0.7740769149205486,0.8132181036486171,0.8334425774735724,0.5867927415572146,0.5498914290275756,0.4263572221136036,approved,0.038920515303727546,0.9074148644473334,0.14857707022947658,0.022285319658668205,-0.05276111141300989,-0.14960022114716734,-0.19760771429976381,-0.33649690351487704
1.000000-P4P117S300I00005 Gated 20.0A-79282-1-36,0.01659600544675662,0.007283597927525189,0.00931240751923143,0.0077335164516524925,0.008862488995104126,0.9440890083719365,0.9535492126762111,0.009460204304274522,0.9449217734027296,0.0008327650307931034,manual_review,1.723898049935756,0.47861836069494273,-1.3291134864325442,-1.0217429919435213,-1.0427737486161992,-1.4453877088571268,-1.0928534614706251,-1.3282359820448395,manual_review,1.6406098492453027,0.04213192665428746,-1.0608563578774435,-1.0072222717267332,-1.2338261644949169,-1.369398228109745,-1.431025559469666,-1.783899973569603
1.000000-P4P117S300I00006 Gated 30.0A-98754-1-53,0.020756566001515604,0.005627675020678104,0.0151288909808375,0.010729842344264507,0.010026723657251097,0.9446890841555105,0.9532233649395488,0.008534280784038395,0.9463257278660775,0.0016366437105670428,manual_review,2.800636205588745,0.4317732838730748,-1.8635768090334606,-1.9554925353675814,-1.7181838799385796,-1.8731025954367562,-1.911420005335079,-2.069280845958568,manual_review,1.856131115856326,0.08280241151233336,-0.6858908021487659,-1.0550564855210895,-1.4288262148222477,-1.186619842595994,-1.3067487760298515,-1.905151212914418
1.000000-P4P117S300I00008 Gated 50.0A-92363-1-27,0.01803888180503944,0.0074335272833464805,0.01060535452169296,0.009168203771777633,0.008870678033261808,0.9408096507406666,0.9470133071036294,0.006203656362962828,0.9471040515007391,0.006294400760072483,manual_review,1.963246340011196,0.3138604350663353,-1.335973878976863,-1.2345652383531802,-1.260782646431149,-1.174192368629423,-1.1895428889761508,-1.2416554647523095,manual_review,1.642125790947996,0.3184514495085128,-0.8521790939785288,-1.1301821908778584,-0.9897292405164109,-1.1665661188516034,-1.0378870565172607,-1.2227075965834462
1.000000-P4P117S300I00008 Gated 50.0A-92363-1-59,0.021220352516862773,0.006785297405848472,0.0144350551110143,0.013490978127748172,0.007729374389114601,0.9441802589641446,0.9517861335366048,0.007605874572460203,0.9521870807261258,0.008006821761981198,manual_review,2.672194414301844,0.38480260070888783,-1.3591360374769208,-2.104475179211068,-1.4804219522566593,-1.378381486287635,-1.6866430618798516,-1.2502753123318493,manual_review,1.4308494778714047,0.4050876474585731,-0.5084972185389395,-0.7822515237703028,-0.6833500617378625,-0.6757881667850879,-0.7629274884076607,-0.7768707652445546
1.000000-P4P117S301I00006 Gated 30.0A-04191-1-044,0.014564434415173405,0.006249409138073317,0.00831502527710009,0.007108348173372035,0.00745608624180137,0.9387628981480628,0.9533388272503583,0.014575929102295548,0.9482816001598374,0.009518702011774627,manual_review,1.5392642376052712,0.7374372759998652,-0.877988724887323,-1.7940040348206883,-1.0349731520442573,-0.9356618228479886,-1.2572366029880664,-0.8408435724909379,manual_review,1.3802588112526057,0.48157792435420343,-0.9424844153445242,-1.033766489607062,-1.283068899709085,-1.064680003067074,-1.1633625920855215,-1.1916282295066458
1.000000-P4P117S301I00008 Gated 50.0A-70687-1-062,0.014970744007593418,0.005381922761514017,0.0095888212460794,0.00896905877078437,0.006001685236809048,0.9483728650092323,0.9517204666461332,0.0033476016369008432,0.9504672970935167,0.002094432084284392,manual_review,1.7750673188605353,0.16936458835135684,-1.4614031441109816,-1.5270235039293187,-1.2015470911044297,-1.709835755926352,-1.5529051020476223,-1.447808589170001,manual_review,1.1110224133444313,0.10596321374519849,-0.6735663306150562,-0.6720483718959998,-1.000704465381328,-0.9959830691772525,-0.9537915724497922,-1.284294207720811
1.000000-P4P117S301I00010 Gated 70.0A-84091-1-072,0.020097778235067996,0.004819170873893179,0.015278607361174817,0.01368975883774388,0.006408019397324117,0.9485076365394822,0.9526279450731652,0.004120308533682948,0.9526592346028652,0.004151598063382944,manual_review,2.828351463493206,0.20845800497750958,-1.9844982677555192,-2.2392808108555844,-1.777633388723346,-2.0145065676130067,-2.008887649256797,-2.164470772403284,manual_review,1.1862423460511589,0.21004103034675675,-0.3875245774261733,-0.6357865804170515,-0.7868659054366731,-0.5440319563705299,-0.8225118885354168,-1.090869305641669
1.000000-P4P117S302I00003 Gated 0.0A-54642-1-054,0.005121106262886061,0.007580805524738186,0.002459699261852125,0.004459429347941445,0.0006616769149446165,0.9435940339209724,0.9539266399390914,0.010332606018119028,0.946770779942002,0.003176746021029575,approved,0.4553356102789254,0.5227556186988793,0.8745690717378869,0.05153991423631369,1.1855957071362488,0.9374803471597684,0.4291650138132964,1.108891399364673,approved,0.1224885767729667,0.16072052188580682,-0.06498929236570249,-0.3618461648656062,-0.007188498181258963,-0.11626977645495862,-0.20830109704996483,-0.07533984815720055
1.000000-P4P117S302I00006 Gated 30.0A-18623-1-036,0.006273448059002262,0.005457022849190047,0.0008164252098122153,0.005119063606730736,0.0011543844522715263,0.9359358769715619,0.9492791048557759,0.013343227884214048,0.9488189203821911,0.01288304341062918,approved,0.15113533468194124,0.6750714520442195,0.05846694866426965,-0.6460807690699704,0.23358963230675275,0.4269313988055431,-0.22589799525089826,0.2835948325167853,approved,0.21369781144535668,0.651789424375437,-0.19831554971012114,-0.4528531154030359,-0.06297447723201453,-0.005815235070144446,-0.3031611720097452,-0.04557952301591581
1.000000-P4P117S302I00009 Gated 60.0A-40067-1-047,0.005330241652672929,0.006885487834919962,0.0015552461822470331,0.006036052234207989,0.00070581058153506,0.9447278018164768,0.9531684470116742,0.008440645195197494,0.9516640893849332,0.006936287568456434,approved,0.287904696525455,0.42703599590419994,0.304398381611545,0.27327487771590286,0.8533998667390679,0.47327641745897037,0.5930908090548814,0.9691019222794134,approved,0.1306585308492526,0.3509263096805728,0.16554876142703565,0.11221623221836348,0.4039219697900181,0.24780470206686794,0.36169285361098064,0.595348619433414
1.000000-P4P117S302I00010 Gated 70.0A-60710-1-070,0.01140738204430341,0.008182924499829344,0.0032244575444740665,0.007915244897468799,0.0034921371468346115,0.9459419952064477,0.9556785334804364,0.009736538273988682,0.9506942755425833,0.004752280336135617,approved,0.59690644567907,0.4925988739412748,-0.31987517334155763,-0.7961338431497662,-0.1863525019694768,-0.08364700549824622,-0.39166443570861564,-0.21346575062304793,approved,0.646458867387845,0.24043123709456377,-0.45606301825395473,-0.6253951891833012,-0.43586884882048865,-0.41263213781122604,-0.530476475892203,-0.7290657113570055
1.000000-P4P117S303I00003 Gated 0.0A-45715-1-051,0.012422590293822233,0.007263429399603762,0.005159160894218471,0.007157203338408771,0.005265386955413462,0.9400602089764923,0.9549066247462669,0.014846415769774524,0.9439863374642675,0.003926128487775182,approved,0.955055648765472,0.7511219577693836,-0.4459018394821126,-1.258105220431926,-0.21144384573099517,-0.43701451087823906,-1.0018563382286756,-0.2461433132638269,approved,0.9747200480487107,0.19863388995178544,-0.6529759323158476,-0.842878440234759,-0.9075408597983259,-0.8337254883062778,-1.0584217017860964,-1.0568840860596278
1.000000-P4P117S303I00005 Gated 20.0A-54841-1-033,0.012983347833421645,0.0035187428457043248,0.00946460498771732,0.004943045745436327,0.008040302087985318,0.9430252925363969,0.9501828450855636,0.0071575525491667236,0.9442526500573519,0.0012273575209550414,manual_review,1.7520726029271438,0.3621207277862057,-2.104981854489221,-1.7198967030853773,-1.4511296999962433,-2.2136169786417077,-1.8495175834331556,-2.0853255471828858,manual_review,1.4884079183334775,0.06209547127863636,-1.3056142343110455,-1.3678810200825706,-1.424177495512306,-1.7968496172821427,-1.7023442532308817,-2.0300256534679293
1.000000-P4P117S304I00007 Gated 40.0A-06258-1-58,0.019466876014472816,0.006696585673097023,0.012770290341375792,0.011071082115631048,0.008395793898841769,0.9413952365420676,0.9515257102822078,0.0101304737401402,0.9470606267563055,0.005665390214237953,manual_review,2.3640158112870107,0.5125291778717982,-1.5354827148912922,-1.496954707797163,-1.564217408348041,-1.7644557675021966,-1.5937533267481367,-1.8113216834604637,manual_review,1.5542159962379274,0.2866280356979755,-0.6756650487695209,-0.7854992642341023,-1.1490709002367114,-1.0455095636539222,-1.0602808884861663,-1.557097310622215
1.000000-P4P117S304I00011 Gated 80.0A-89961-1-46,0.013079367005529715,0.005990061940606638,0.007089305064923077,0.008036472892341481,0.005042894113188234,0.9352416032710876,0.9491472616946132,0.013905658423525535,0.9447730929268013,0.00953148965571371,manual_review,1.3123608638885265,0.7035263959409813,-0.9695521356440995,-1.2073795407907997,-1.228374230887417,-1.2753570833525767,-1.27176655344615,-1.5876928556971692,approved,0.9335325274161954,0.48222488725081963,-0.6153435401742033,-0.7024972164767433,-0.8559036896738078,-0.8560100756260777,-0.8740651873018978,-1.1254282269566513
1.000000-P4P117S305I00003 Gated 0.0A-96421-1-46,0.013508280685716382,0.008512736788586432,0.00499554389712995,0.005851266666685708,0.007657014019030674,0.9323967579180614,0.954703472275626,0.022306714357564594,0.9391795141267018,0.006782756208640328,manual_review,0.9247671308247832,1.1285594597025623,-0.3720166874017141,-1.1042989099454679,-0.3656909864948229,-0.37792648760226444,-0.8711843146636575,-0.4087039411197859,manual_review,1.4174542413954772,0.34315872608650105,-1.1646450290783947,-1.1987310251536207,-1.2403047686373594,-1.3714170025341441,-1.349693581458643,-1.562562435899567
1.000000-P4P117S305I00003 Gated 0.0A-96421-1-58,0.013573753613124616,0.004211435749509726,0.00936231786361489,0.00736615908083161,0.006207594532293006,0.9375140288591188,0.9521781099640951,0.014664081104976301,0.9424270737554027,0.004913044896283858,manual_review,1.733137373405716,0.7418971339118106,-1.524904524786973,-2.005630273274023,-1.3074412859502513,-1.400036750481203,-1.7720965170771232,-1.6722713690144826,manual_review,1.1491400142135284,0.2485647686506664,-0.7109837647463487,-0.9491586920623405,-1.1236540790239948,-1.0276954889899583,-1.1251950003218982,-1.4872755055038607
1.000000-P4P117S305I00004 Gated 10.0A-28414-1-65,0.01783383506717844,0.00537951685884065,0.01245431820833779,0.012307093111764448,0.005526741955413991,0.9487111610422864,0.9552814585119206,0.006570297469634223,0.9515423202719964,0.0028311592297100008,manual_review,2.30552355320516,0.33240984053310235,-1.8259879428972168,-1.663001926173182,-1.4922207301437094,-1.8716145355362253,-1.6952592364368166,-1.858646906096652,manual_review,1.023101669440539,0.14323631348827112,-0.44777561413425093,-0.4678238569527502,-0.8211109159641993,-0.8593311610118036,-0.8728948345916215,-1.4163351503829065
1.000000-P4P117S305I00005 Gated 20.0A-05991-1-43,0.013279694947825889,0.005193854615045312,0.008085840332780578,0.006435328100062099,0.00684436684776379,0.9362252979563515,0.9510449868000076,0.014819688843656142,0.9389270541965358,0.0027017562401843165,manual_review,1.4968378856902458,0.7497697673563907,-1.4652366253360327,-1.4454330634647097,-0.8847376345180298,-1.1407176676036748,-1.1350235240156306,-0.9094951880992366,manual_review,1.267018291192515,0.13668945205444108,-0.8932270584692958,-1.1876083751245903,-1.1567534542885454,-1.007439283900809,-1.2490637602565955,-1.430724489851047
1.000000-P4P117S305I00008 Gated 50.0A-65210-1-54,0.013966906390255857,0.0068215726041799185,0.007145333786075938,0.007993839125407258,0.005973067264848598,0.9430348763075379,0.9532323785261778,0.010197502218639909,0.9479088430900534,0.004873966782515504,manual_review,1.3227328115225132,0.5159203372450595,-0.7622265334822407,-1.2144929608803174,-1.176433376861472,-1.1429468382046002,-1.3097966903052192,-1.283495648946523,manual_review,1.1057246999492807,0.2465876968930925,-0.6491129983777141,-0.7941739116808207,-1.1265224459688419,-1.0260641719634032,-1.0421810974999035,-1.4003841990110972
1.000000-P4P117S305I00009 Gated 60.0A-75309-1-49,0.01565387409561452,0.0055518501789471085,0.010102023916667414,0.007909111087473455,0.007744763008141066,0.9394282693305427,0.9512417633398207,0.011813494009278003,0.944247082909588,0.004818813579045345,manual_review,1.8700705799636872,0.5976779100051124,-1.2143657745662024,-1.8992085156239327,-1.1230396703189451,-1.2839688007675107,-1.690650308235905,-1.3528628575339168,manual_review,1.4336981945191827,0.24379734110552936,-0.9749728295542281,-0.9365764846028093,-1.0289278571785492,-1.1495051693216958,-1.2261378679681483,-1.579285673962896
1.000000-P4P117S306I00008 Gated 50.0A-77346-1-53,0.018698993357479595,0.007153258983581213,0.011545734373898383,0.010283232688582769,0.008415760668896826,0.9451839272469232,0.9538576022043036,0.008673674957380362,0.9478255708685537,0.0026416436216304406,manual_review,2.1373279606949946,0.438825627415509,-1.3974352747025547,-1.3690316025762956,-1.2287819910231557,-1.6795051295437213,-1.383379190058365,-1.6552483614370928,manual_review,1.5579122129134053,0.1336481854999401,-0.6313318751521362,-0.9444070653290896,-1.2880030356985346,-1.173136341447043,-1.226354392714157,-1.9514257152503152
1.000000-P4P117S308I00005 Gated 20.0A-76239-1-044,0.014602718664010271,0.008595899243444272,0.006006819420565999,0.007850289951359104,0.006752428712651167,0.9265527524540539,0.9524286522716823,0.02587589981762839,0.9439781368078529,0.017425384353799034,manual_review,1.1119728452653221,1.309134597296587,-0.5449758992914104,-0.9875062092328281,-0.6496230586547628,-0.7590071506846698,-0.8888620711124855,-1.101801383918111,manual_review,1.2499988500320982,0.8815992367232685,-0.6267387841776059,-1.061996051228094,-1.0230890567108664,-1.0158275766214393,-1.1644907642113942,-1.4762290315465343
1.000000-P4P117S308I00007 Gated 40.0A-32548-1-065,0.018058644692612615,0.011237964796408095,0.00682067989620452,0.011099840777807268,0.006958803914805347,0.9373621067686234,0.9569308830474372,0.019568776278813815,0.9477336440377603,0.010371537269136866,manual_review,1.2626334004413724,0.9900394666043316,-0.6687870675293078,-0.7066121629417148,-0.5528831666180365,-0.735739990350284,-0.8818060583958214,-0.9118246496063035,manual_review,1.2882026988020296,0.5247252602565718,-0.5267683003735453,-0.7125631146641714,-1.017429975751465,-0.8912486781145845,-1.0562060262780226,-1.6071127096912263
1.000000-P4P117S308I00009 Gated 60.0A-55977-1-039,0.013930954370269928,0.008483985921080885,0.0054469684491890435,0.010208280703980147,0.0037226736662897813,0.934801009462291,0.9484137577427768,0.013612748280485754,0.9493661273707792,0.014565117908488134,manual_review,1.0083341250076174,0.6887072474338739,-0.8057526117635755,-0.49002314918227574,-1.0937870859286456,-0.6425293782883649,-0.7795366892783433,-1.256282005311079,approved,0.6891354207395977,0.7368903072779612,-0.27379136151442146,-0.483153938050878,-0.6494763675541108,-0.5489843485002623,-0.8440422974534062,-1.20180345362159
